agent-data,dr
BTC-DQN,15.384615384615385
ETH-DQN,15.484615384615385
LTC-DQN,11.538461538461542
BTC-MULTI-AGENT,15.384615384615385
ETH-MULTI-AGENT,15.584615384615385
LTC-MULTI-AGENT,15.384615384615385